<?xml version="1.0" encoding="UTF-8"?>
<project-private xmlns="http://www.netbeans.org/ns/project-private/1">
    <editor-bookmarks xmlns="http://www.netbeans.org/ns/editor-bookmarks/2" lastBookmarkId="0"/>
    <open-files xmlns="http://www.netbeans.org/ns/projectui-open-files/2">
        <group>
            <file>file:/Users/mac/Documents/UNIKOM/Fikir%20Firmansyah/COLLEGE/SEMESTER4/PEMROGRAMAN%20LANJUTAN/Pertemuan_3_provis/src/program_latihan_3_3.java</file>
            <file>file:/Users/mac/Documents/UNIKOM/Fikir%20Firmansyah/COLLEGE/SEMESTER4/PEMROGRAMAN%20LANJUTAN/Pertemuan_3_provis/src/program_latihan_3.java</file>
            <file>file:/Users/mac/Documents/UNIKOM/Fikir%20Firmansyah/COLLEGE/SEMESTER4/PEMROGRAMAN%20LANJUTAN/Pertemuan_3_provis/src/program_latihan_3_2.java</file>
        </group>
    </open-files>
</project-private>
